quarter,net_income
x,QUARTERLY REPORT PURSUANT TO SECTION 13 OR 15(d) OF THE SECURITIES EXCHANGE ACT OF 1934
¨,TRANSITION REPORT PURSUANT TO SECTION 13 OR 15(d) OF THE SECURITIES EXCHANGE ACT OF 1934
,
Delaware,
"(State or other jurisdiction of
incorporation or organization)",
,
Large accelerated filer,
Non-accelerated filer,
,
Class A —,
Class B —,
,
,
Part I – Financial Information,
,
Item 1.     Financial Statements,
,
,
,
,
,
,
Item 2.,
Item 3.,
Item 4.,
,
Part II – Other Information,
,
Item 1.,
Item 1A.,
Item 2.,
Item 3.,
Item 4.,
Item 5.,
Item 6.,
,
Signature,
,
,
,
ASSETS,
Insurance and Other:,
Cash and cash equivalents,
Investments:,
Fixed maturity securities,
Equity securities,
Other,
Investments in H.J. Heinz Holding Corporation,
Receivables,
Inventories,
"Property, plant and equipment",
Goodwill,
Other,
,
,
,
"Railroad, Utilities and Energy:",
Cash and cash equivalents,
"Property, plant and equipment",
Goodwill,
Other,
,
,
,
Finance and Financial Products:,
Cash and cash equivalents,
Investments in equity and fixed maturity securities,
Other investments,
Loans and finance receivables,
"Property, plant and equipment and assets held for lease",
Goodwill,
Other,
,
,
,
,
,
LIABILITIES AND SHAREHOLDERS’ EQUITY,
Insurance and Other:,
Losses and loss adjustment expenses,
Unearned premiums,
"Life, annuity and health insurance benefits",
"Accounts payable, accruals and other liabilities",
Notes payable and other borrowings,
,
,
,
"Railroad, Utilities and Energy:",
"Accounts payable, accruals and other liabilities",
Notes payable and other borrowings,
,
,
,
Finance and Financial Products:,
"Accounts payable, accruals and other liabilities",
Derivative contract liabilities,
Notes payable and other borrowings,
,
,
,
"Income taxes, principally deferred",
,
Total liabilities,
,
Shareholders’ equity:,
Common stock,
Capital in excess of par value,
Accumulated other comprehensive income,
Retained earnings,
"Treasury stock, at cost",
,
Berkshire Hathaway shareholders’ equity,
Noncontrolling interests,
,
Total shareholders’ equity,
,
,
,
,
,
,
,
Revenues:,
Insurance and Other:,
Insurance premiums earned,
Sales and service revenues,
"Interest, dividend and other investment income",
Investment gains/losses,
,
,
,
"Railroad, Utilities and Energy:",
Revenues,
,
Finance and Financial Products:,
Sales and service revenues,
"Interest, dividend and other investment income",
Investment gains/losses,
Derivative gains/losses,
,
,
,
,
,
Costs and expenses:,
Insurance and Other:,
Insurance losses and loss adjustment expenses,
"Life, annuity and health insurance benefits",
Insurance underwriting expenses,
Cost of sales and services,
"Selling, general and administrative expenses",
Interest expense,
,
,
,
"Railroad, Utilities and Energy:",
Cost of sales and operating expenses,
Interest expense,
,
,
,
Finance and Financial Products:,
Cost of sales and services,
"Selling, general and administrative expenses",
Interest expense,
,
,
,
,
,
Earnings before income taxes,
Income tax expense,
,
Net earnings,
Less: Earnings attributable to noncontrolling interests,
,
Net earnings attributable to Berkshire Hathaway,
,
Average common shares outstanding *,
Net earnings per share attributable to Berkshire Hathaway shareholders *,
,
*,"Average shares outstanding include average Class A common shares and average Class B common shares determined on an equivalent Class A
common stock basis. Net earnings per common share attributable to Berkshire Hathaway shown above represents net earnings per equivalent Class A common share. Net earnings per Class B common share is equal to one-fifteen-hundredth
(1/1,500) of such amount."
,
,
,
,
Net earnings,
,
,
Other comprehensive income:,
Net change in unrealized appreciation of investments,
Applicable income taxes,
Reclassification of investment appreciation in net earnings,
Applicable income taxes,
Foreign currency translation,
Applicable income taxes,
Prior service cost and actuarial gains/losses of defined benefit pension plans,
Applicable income taxes,
"Other, net",
,
"Other comprehensive income, net",
,
Comprehensive income,
Comprehensive income attributable to noncontrolling interests,
,
Comprehensive income attributable to Berkshire Hathaway shareholders,
,
,
,
,Common stockand capital inexcess of parvalue
"Balance at December 31, 2012",
Net earnings,
"Other comprehensive income, net",
Issuance of common stock,
Transactions with noncontrolling interests,
,
"Balance at June 30, 2013",
,
,
"Balance at December 31, 2013",
Net earnings,
"Other comprehensive income, net",
Issuance (acquisition) of common stock,
Transactions with noncontrolling interests,
,
"Balance at June 30, 2014",
,
,
,
,
,
Cash flows from operating activities:,
Net earnings,
Adjustments to reconcile net earnings to operating cash flows:,
Investment gains/losses,
Depreciation and amortization,
Other,
Changes in operating assets and liabilities before effects of business acquisitions:,
Losses and loss adjustment expenses,
Deferred charges reinsurance assumed,
Unearned premiums,
Receivables and originated loans,
Derivative contract assets and liabilities,
Income taxes,
Other,
,
Net cash flows from operating activities,
,
Cash flows from investing activities:,
Purchases of fixed maturity securities,
Purchases of equity securities,
Purchases of investments in H.J. Heinz Holding Corp.,
Sales of fixed maturity securities,
Redemptions and maturities of fixed maturity securities,
Sales of equity securities,
Purchases of loans and finance receivables,
Collections of loans and finance receivables,
"Acquisitions of businesses, net of cash acquired",
"Purchases of property, plant and equipment",
Other,
,
Net cash flows from investing activities,
,
Cash flows from financing activities:,
Proceeds from borrowings of insurance and other businesses,
"Proceeds from borrowings of railroad, utilities and energy businesses",
Proceeds from borrowings of finance businesses,
Repayments of borrowings of insurance and other businesses,
"Repayments of borrowings of railroad, utilities and energy businesses",
Repayments of borrowings of finance businesses,
"Change in short term borrowings, net",
Acquisitions of noncontrolling interests,
Other,
,
Net cash flows from financing activities,
,
Effects of foreign currency exchange rate changes,
,
Increase in cash and cash equivalents,
Cash and cash equivalents at January 1 *,
,
Cash and cash equivalents at June 30 *,
,
* Cash and cash equivalents are comprised of the following:,
January 1—,
Insurance and Other,
"Railroad, Utilities and Energy",
Finance and Financial Products,
,
,
,
June 30—,
Insurance and Other,
"Railroad, Utilities and Energy",
Finance and Financial Products,
,
,
,
,
,
"Property, plant and equipment",
Goodwill,
"Other assets, including cash and cash equivalents of $304 million",
,
Assets acquired,
,
,
"Accounts payable, accruals and other liabilities",
Notes payable and other borrowings,
,
Liabilities assumed,
,
Net assets acquired,
,
,
Revenues,
Net earnings attributable to Berkshire Hathaway shareholders,
Net earnings per equivalent Class A common share attributable to Berkshire Hathaway shareholders,
,
,
"June 30, 2014",
Available for sale:,
"U.S. Treasury, U.S. government corporations and agencies",
"States, municipalities and political subdivisions",
Foreign governments,
Corporate bonds,
Mortgage-backed securities,
,
,
Held to maturity:,
Wm. Wrigley Jr. Company notes,
,
,
,
"December 31, 2013",
Available for sale:,
"U.S. Treasury, U.S. government corporations and agencies",
"States, municipalities and political subdivisions",
Foreign governments,
Corporate bonds,
Mortgage-backed securities,
,
,
Held to maturity:,
Wm. Wrigley Jr. Company notes,
,
,
,
,
,
Insurance and other,
Finance and financial products,
,
,
,
,
,
Amortized cost,
Fair value,
,
,
"June 30, 2014 *",
"Banks, insurance and finance",
Consumer products,
"Commercial, industrial and other",
,
,
,
*,"As of June 30, 2014, approximately 58% of the aggregate fair value was concentrated in the equity securities of four companies (American
Express Company – $14.4 billion; Wells Fargo & Company – $25.4 billion; International Business Machines Corporation – $12.7 billion; and The Coca-Cola Company – $16.9 billion)."
,
,
"December 31, 2013 *",
"Banks, insurance and finance",
Consumer products,
"Commercial, industrial and other",
,
,
,
*,"As of December 31, 2013, approximately 55% of the aggregate fair value was concentrated in the equity securities of four companies
(American Express Company – $13.8 billion; Wells Fargo & Company – $21.9 billion; International Business Machines Corporation – $12.8 billion; and The Coca-Cola Company – $16.5 billion)."
,
,
Insurance and other,
"Railroad, utilities and energy *",
Finance and financial products,
,
,
,
*,Included in other assets.
,
,
Assets,
Liabilities,
,
,
Sales,
,
Net earnings,
Preferred stock dividends earned by Berkshire,
,
Net loss attributable to common stockholders,
,
Earnings attributable to Berkshire *,
,
,
,
,
Fixed maturity securities —,
Gross gains from sales and other disposals,
Gross losses from sales and other disposals,
Equity securities —,
Gross gains from sales and other disposals,
Gross losses from sales and other disposals,
Other-than-temporary impairments,
Other,
,
,
,
,
,
,
Insurance and other,
Finance and financial products,
,
,
,
,
,
Insurance premiums receivable,
Reinsurance recoverable on unpaid losses,
Trade and other receivables,
Allowances for uncollectible accounts,
,
,
,
,
,
"Consumer installment loans, commercial loans and finance receivables",
Allowances for uncollectible loans,
,
,
,
,
,
Raw materials,
Work in process and other,
Finished manufactured goods,
Goods acquired for resale,
,
,
,
,
,
Land,
Buildings and improvements,
Machinery and equipment,
"Furniture, fixtures and other",
,
,
Accumulated depreciation,
,
,
,
,
,
Railroad:,
Land,
Track structure and other roadway,
"Locomotives, freight cars and other equipment",
Construction in progress,
Utilities and energy:,
"Utility generation, distribution and transmission system",
Interstate pipeline assets,
Independent power plants and other assets,
Construction in progress,
,
,
Accumulated depreciation,
,
,
,
,
,
Assets held for lease,
Land,
"Buildings, machinery and other",
,
,
Accumulated depreciation,
,
,
,
,
,
Balance at beginning of year,
Acquisitions of businesses,
"Other, including foreign currency translation",
,
Balance at end of period,
,
,
,
,
Insurance and other,
"Railroad, utilities and energy",
,
,
,
,
Trademarks and trade names,
Patents and technology,
Customer relationships,
Other,
,
,
,
,
,
,
Equity index put options,
Credit default,
"Other, principally interest rate and foreign currency",
,
,
,
(1),"Represents the aggregate undiscounted amount payable at the contract expiration dates assuming that the value of the related index is zero at
each contract’s expiration date."
(2),"Represents the maximum undiscounted future value of losses payable under the contracts, if all underlying issuers default and the residual value
of the specified obligations is zero."
,
,
,
Equity index put options,
Credit default,
"Other, principally interest rate and foreign currency",
,
,
,
,
,
,
Cash paid during the period for:,
Income taxes,
Interest:,
Insurance and other businesses,
"Railroad, utilities and energy businesses",
Finance and financial products businesses,
Investments in equity securities exchanged in connection with business acquisitions,
Liabilities assumed in connection with business acquisitions,
Treasury stock acquired in connection with business acquisition,
,
,
Insurance and other:,
Issued by Berkshire due 2014-2047,
Short-term subsidiary borrowings,
Other subsidiary borrowings due 2014-2035,
,
,
,
,
,
"Railroad, utilities and energy:",
Issued by Berkshire Hathaway Energy Company (“BHE”) and its subsidiaries:,
BHE senior unsecured debt due 2017-2043,
Subsidiary and other debt due 2014-2054,
Issued by Burlington Northern Santa Fe LLC and its subsidiaries (“BNSF”) due 2014-2097,
,
,
,
,
,
Finance and financial products:,
Issued by Berkshire Hathaway Finance Corporation (“BHFC”) due 2014-2043,
Issued by other subsidiaries due 2014-2036,
,
,
,
,
,
"June 30, 2014",
Investments in fixed maturity securities:,
"U.S. Treasury, U.S. government corporations and agencies",
"States, municipalities and political subdivisions",
Foreign governments,
Corporate bonds,
Mortgage-backed securities,
Investments in equity securities,
Investment in Heinz Holding Preferred Stock,
Other investments,
Loans and finance receivables,
Derivative contract assets (1),
Derivative contract liabilities:,
"Railroad, utilities and energy (1)",
Finance and financial products:,
Equity index put options,
Credit default,
Notes payable and other borrowings:,
Insurance and other,
"Railroad, utilities and energy",
Finance and financial products,
,
"December 31, 2013",
Investments in fixed maturity securities:,
"U.S. Treasury, U.S. government corporations and agencies",
"States, municipalities and political subdivisions",
Foreign governments,
Corporate bonds,
Mortgage-backed securities,
Investments in equity securities,
Investment in Heinz Holding Preferred Stock,
Other investments,
Loans and finance receivables,
Derivative contract assets (1),
Derivative contract liabilities:,
"Railroad, utilities and energy (1)",
Finance and financial products:,
Equity index put options,
Credit default,
Notes payable and other borrowings:,
Insurance and other,
"Railroad, utilities and energy",
Finance and financial products,
(1),"Assets are included in other assets and liabilities are included in accounts payable, accruals and other liabilities."
,
,
"Six months ending June 30, 2014",
"Balance at December 31, 2013",
Gains (losses) included in:,
Earnings,
Other comprehensive income,
Regulatory assets and liabilities,
Dispositions and settlements,
Transfers into (out of) Level 3,
,
"Balance at June 30, 2014",
,
"Six months ending June 30, 2013",
"Balance at December 31, 2012",
Gains (losses) included in:,
Earnings,
Other comprehensive income,
Regulatory assets and liabilities,
Dispositions and settlements,
Transfers into (out of) Level 3,
,
"Balance at June 30, 2013",
,
,
,
Other investments:,
Preferred stocks,
,
,
,
Common stock warrants,
Net derivative liabilities:,
Equity index put options,
,
Credit default-states/municipalities,
,
,
,
"Balance at December 31, 2013",
"Conversions of Class A common stock to Class B common stock and exercises of replacement stock options issued in a business
acquisition",
Treasury shares acquired,
,
"Balance at June 30, 2014",
,
,
,
"Six months ending June 30, 2014",
"Balance at December 31, 2013",
,
"Other comprehensive income, net before reclassifications",
Amounts reclassified from accumulated other comprehensive income,
,
,
,
"Balance at June 30, 2014",
,
Amounts reclassified from other comprehensive income into net earnings during 2014 are included on the following line items:,
Investment gains/losses:,
Insurance and other,
Finance and financial products,
Other,
,
Reclassifications before income taxes,
Applicable income taxes,
,
,
,
,
"Six months ending June 30, 2013",
"Balance at December 31, 2012",
,
"Other comprehensive income, net before reclassifications",
Amounts reclassified from accumulated other comprehensive income,
Transactions with noncontrolling interests,
,
,
,
"Balance at June 30, 2013",
,
Amounts reclassified from other comprehensive income into net earnings during 2013 are included on the following line items:,
Investment gains/losses:,
Insurance and other,
Finance and financial products,
Other,
,
Reclassifications before income taxes,
Applicable income taxes,
,
,
,
,
,
,
Operating Businesses:,
Insurance group:,
Premiums earned:,
GEICO,
General Re,
Berkshire Hathaway Reinsurance Group,
Berkshire Hathaway Primary Group,
Investment income,
,
Total insurance group,
BNSF,
Berkshire Hathaway Energy Company,
McLane Company,
Manufacturing businesses,
Other businesses,
Finance and financial products,
,
,
Reconciliation of segments to consolidated amount:,
Investment and derivative gains/losses,
Eliminations and other,
,
,
,
,
,
,
Operating Businesses:,
Insurance group:,
Underwriting gain (loss):,
GEICO,
General Re,
Berkshire Hathaway Reinsurance Group,
Berkshire Hathaway Primary Group,
Net investment income,
,
Total insurance group,
BNSF,
Berkshire Hathaway Energy Company,
McLane Company,
Manufacturing businesses,
Other businesses,
Finance and financial products,
,
,
Reconciliation of segments to consolidated amount:,
Investment and derivative gains/losses,
"Interest expense, excluding interest allocated to operating businesses",
Eliminations and other,
,
,
,
,
,
,
Insurance – underwriting,
Insurance – investment income,
Railroad,
Utilities and energy,
"Manufacturing, service and retailing",
Finance and financial products,
Investment and derivative gains/losses,
Other,
,
Net earnings attributable to Berkshire,
,
,
,
,
Underwriting gain/loss attributable to:,
GEICO,
General Re,
Berkshire Hathaway Reinsurance Group,
Berkshire Hathaway Primary Group,
,
Pre-tax underwriting gain,
Income taxes and noncontrolling interests,
,
Net underwriting gain,
,
,
,
,
,
Premiums earned,
,
Losses and loss adjustment expenses,
Underwriting expenses,
,
Total losses and expenses,
,
Pre-tax underwriting gain,
,
,
,
,
,
Property/casualty,
Life/health,
,
,
,
,
,
,
,
Catastrophe and individual risk,
Multi-line property/casualty,
Retroactive reinsurance,
Life and annuity,
,
,
,
,
,
,
Investment income before income taxes and noncontrolling interests,
Income taxes and noncontrolling interests,
,
Net investment income,
,
,
,
Cash and cash equivalents,
Equity securities,
Fixed maturity securities,
Other,
,
,
,
,
,
"U.S. Treasury, U.S. government corporations and agencies",
"States, municipalities and political subdivisions",
Foreign governments,
"Corporate bonds, investment grade",
"Corporate bonds, non-investment grade",
Mortgage-backed securities,
,
,
,
,
,
,
Revenues,
,
Operating expenses:,
Compensation and benefits,
Fuel,
Purchased services,
Depreciation and amortization,
"Equipment rents, materials and other",
,
Total operating expenses,
Interest expense,
,
,
,
Pre-tax earnings,
Income taxes,
,
Net earnings,
,
,
,
,
,
PacifiCorp,
MidAmerican Energy Company (“MEC”),
NV Energy,
Natural gas pipelines,
Northern Powergrid,
Real estate brokerage and other,
,
,
,
Earnings before corporate interest and income taxes (“EBIT”),
Corporate interest,
Income taxes and noncontrolling interests,
,
Net earnings attributable to Berkshire,
,
,
,
,
,
McLane Company,
Manufacturing,
Service,
Retailing,
,
,
,
Pre-tax earnings,
Income taxes and noncontrolling interests,
,
,
,
,
,
,
,
Industrial and end-user products,
Building products,
Apparel,
,
,
,
,
,
,
Manufactured housing and finance,
"Transportation equipment manufacturing, repair and leasing",
Other,
,
Pre-tax earnings,
Income taxes and noncontrolling interests,
,
,
,
,
,
,
Investment gains/losses,
Other-than-temporary impairments,
Derivative gains/losses,
,
Gains/losses before income taxes and noncontrolling interests,
Income taxes and noncontrolling interests,
,
Net gains/losses,
,
,
,
12,
,
31.1,
,
31.2,
,
32.1,
,
32.2,
,
95,
,
101,
,
,
,
"Date: August 1, 2014",
,
